faq_question,count,stage
Cómo puedo cotizar una máquina,430,BOFU
Dónde están ubicados,122,TOFU
Pueden enviar la ficha técnica,108,MOFU
Tienen un video del funcionamiento de la máquina de empanadas,86,TOFU
Venden máquinas en Colombia,46,TOFU
Cuál es la capacidad de producción,43,MOFU
Tienen moldes o kits disponibles,42,TOFU
Venden máquinas de empanadas de segunda mano,26,TOFU
Cuáles son las formas de pago,18,BOFU
Tienen máquinas de empanadas que funcionen para plátano,15,TOFU
Qué información tienen sobre la máquina de empanadas,10,TOFU
La máquina tiene garantía,7,BOFU
Cómo agendar una demostración,7,BOFU
Cuál es el servicio técnico autorizado para la máquina de empanadas,7,TOFU
Con cuántas máquinas de empanadas debo iniciar este emprendimiento,7,TOFU
Tienen laminadora de trigo,6,TOFU
Cuál es la mejor máquina de empanadas que me recomiendas,6,TOFU
Tienen ofertas disponibles,5,BOFU
Qué voltaje requiere la máquina,4,MOFU
Tienen máquinas para amasar maíz,4,TOFU
Se pueden añadir accesorios para hacer arepas,4,TOFU
Puedo visitar la tienda para ver las máquinas de empanadas,4,TOFU
Tienen máquinas para desmechar carne,4,TOFU
El compresor es especial o cualquier compresor sirve,4,TOFU
Cuánto tiempo se demora en llegar,3,BOFU
Ustedes venden máquinas para moler y mezclar yuca,3,TOFU
De qué país son las máquinas de empanadas,3,TOFU
Cuál es el horario de atención,3,BOFU
Elaboran máquinas,3,TOFU
Cuál es el mínimo requerido para la máquina,3,MOFU
Incluyen instalación o capacitación,2,MOFU
Tienen una máquina más mecanizada,2,TOFU
Venden la máquina o es solo franquicia,2,TOFU
Cuál es la máquina de empanadas más sencilla,2,TOFU
Cómo contacto al equipo de ventas,2,BOFU
Es necesario usar masa de harina laminada o se puede usar una bola de masa,2,TOFU
Tienen puntos de venta de empanadas en su país,1,TOFU
Cuáles son los mantenimientos necesarios para las máquinas de empanadas,1,TOFU
Tienen todos los documentos para la facturación de la máquina,1,BOFU
Tienen máquinas que hagan aborrajados,1,TOFU
Qué seguridad tengo de recibir mi máquina y no perder mi dinero,1,BOFU
Se puede hacer un curso de introducción virtual o tiene que ser presencial,1,TOFU
Cuál es la mejor harina para la maquinaria de empanadas,1,TOFU
Las máquinas de empanadas de trigo vienen con nombre,1,TOFU
Cómo puedo acceder a la presentación del producto,1,TOFU
Fabrican empanadas o solo venden equipos,1,TOFU
Cuántos operarios se necesitan para operar la CM05S,1,MOFU
Manejan máquinas para moler masa,1,TOFU
Tienen máquinas de empanadas que se puedan manejar con una sola persona,1,TOFU
Cómo hacer 200 o 300 empanadas,1,TOFU
Una máquina puede producir maíz y trigo,1,TOFU
El disco se gira manualmente,1,TOFU
Qué hacer si la máquina de empanadas falla,1,TOFU
La máquina de empanadas tiene rodachines para moverla fácilmente,1,TOFU
Tienes información sobre máquinas que empaquen maní,1,TOFU
Tienen una página web,1,TOFU
Tienen un accesorio nuevo para la máquina,1,TOFU
La máquina está a la venta,1,BOFU
Cuál es la diferencia entre esta máquina y la otra,1,MOFU
La máquina de empanadas hace mucho ruido.,1,TOFU
Se pueden fabricar pasteles de pollo con esta máquina,1,TOFU
Han enviado ya a Panamá,1,BOFU
Cuál es la máquina de empanadas más comprada,1,TOFU
Cuál es la máquina base,1,TOFU
La máquina de empanadas también sirve para hacer pastel de yuca,1,TOFU
Se puede hacer un pedido para hoy,1,BOFU
Hay una máquina que sirva para todos los tipos de empanadas,1,TOFU
Venden amasadoras,1,TOFU
Incluye pre fritura,1,MOFU
Qué incluye la compra de la máquina de empanadas,1,BOFU
