faq_question,count,topic
Cuál es el precio de la máquina,378,Precio/Cotizacion
Dónde están ubicados,117,Ubicacion/Contacto
Pueden enviar la ficha técnica,108,FichaTecnica/Info
Tienen un video del funcionamiento de la máquina de empanadas,86,Video/Demo
Qué modelos tienen,62,Modelos/Recomendacion
Cómo puedo cotizar una máquina,52,Precio/Cotizacion
Cuál es la capacidad de producción,43,Produccion/Capacidad
Tienen moldes o kits disponibles,42,Disponibilidad/Stock
Cómo es el envío,39,Envio/Tiempos
Ustedes venden máquinas de empanadas de segunda mano,26,Otros
Cuáles son las dimensiones de la máquina,22,Especificaciones/Dimensiones
Cuáles son las formas de pago,18,Compra/Pago/Oferta
Tienen máquinas de empanadas que funcionen para plátano,15,Modelos/Recomendacion
Cuáles son las funciones de la máquina de empanadas,10,FichaTecnica/Info
Cómo funciona la máquina de empanadas,8,Otros
La máquina tiene garantía,7,Postventa/Garantia
Cómo agendar una demostración,7,Video/Demo
Cuál es el servicio técnico autorizado para la máquina de empanadas,7,Postventa/Garantia
Qué información tienen sobre la máquina de empanadas,7,FichaTecnica/Info
Tienen laminadora de trigo,6,Disponibilidad/Stock
Tienen ofertas disponibles,5,Compra/Pago/Oferta
Dónde están ubicados,5,Ubicacion/Contacto
Tienen máquinas de empanadas de varios tamaños,5,Modelos/Recomendacion
Qué voltaje requiere la máquina,4,Especificaciones/Dimensiones
Cuál es la mejor máquina de empanadas que me recomiendas,4,Modelos/Recomendacion
Realizan envíos a El Salvador,4,Envio/Tiempos
Cuánto se demora en llegar,3,Envio/Tiempos
Ustedes venden máquinas para moler y mezclar yuca,3,Otros
La máquina viene ensamblada,3,Otros
Qué equipos tienen para un negocio de empanadas automatizado,3,Modelos/Recomendacion
Qué máquina es adecuada para empanadas cocteleras y grandes,3,Modelos/Recomendacion
La máquina de empanadas funciona con compresor,3,Otros
De qué país son las máquinas de empanadas,3,Otros
Incluyen instalación o capacitación,2,Otros
Tienen una máquina más mecanizada,2,Otros
Cuál es el pedido mínimo,2,Otros
Tienen máquinas para amasar maíz,2,Otros
Se pueden añadir accesorios para hacer arepas,2,Accesorios/Compatibilidad
Qué máquina necesito para producir 1000 empanadas diarias,2,Produccion/Capacidad
Venden la máquina o es solo franquicia,2,Otros
Cuál es la máquina de empanadas más sencilla,2,Modelos/Recomendacion
A qué horas puedo llamarlos,2,Ubicacion/Contacto
Qué máquina es adecuada para hacer empanadas y arepas,2,Modelos/Recomendacion
Es necesario asistir de forma presencial,2,Otros
Cómo son las máquinas para fabricar empanadas,2,Otros
Con cuántas máquinas de empanadas debo iniciar este emprendimiento,2,Produccion/Capacidad
Cómo funciona la máquina de empanadas,2,Otros
Esta máquina solo sirve para masa de maíz,2,Otros
Venden máquinas en Colombia,2,Ubicacion/Contacto
Hay máquinas de empanadas que hagan dos tipos de productos,2,Modelos/Recomendacion
Cuál es la marca de los componentes mecánicos y electrónicos,2,Otros
Qué marcas de máquinas de empanadas recomiendas,2,Modelos/Recomendacion
Puedo visitar la tienda para ver las máquinas de empanadas,2,Ubicacion/Contacto
Estarán en la feria de alimentos en Bogotá este año,2,Otros
Tienen máquinas para desmechar carne,2,Otros
Qué información me puede dar sobre la desmechadora de carne,2,FichaTecnica/Info
Qué información tienes sobre la máquina CM08,1,FichaTecnica/Info
Se puede usar masa de trigo para empanadas,1,Otros
Tienen puntos de venta de empanadas en su país,1,Ubicacion/Contacto
La máquina viene con la mesa,1,Accesorios/Compatibilidad
Cuáles son los mantenimientos necesarios para las máquinas de empanadas,1,Otros
Qué presentaciones tienen disponibles,1,Disponibilidad/Stock
Tienen todos los documentos para la facturación de la máquina,1,Otros
Por qué es más costosa la máquina de empanadas para Estados Unidos,1,Precio/Cotizacion
Tienen máquinas que pueden hacer aborrajados,1,Otros
Qué seguridad tengo de recibir mi máquina y no perder mi dinero,1,Postventa/Garantia
Fabrican otro tipo de máquinas,1,Otros
Se puede hacer un curso de introducción virtual o tiene que ser presencial,1,Otros
Cuál es la mejor harina para usar en la maquinaria de empanadas,1,Modelos/Recomendacion
Las máquinas de empanadas de trigo vienen con nombre,1,Otros
Cómo puedo acceder a la presentación del producto,1,Otros
Cómo contacto con el equipo de ventas,1,Ubicacion/Contacto
Cuál es el horario de atención,1,Otros
Fabrican empanadas o solo venden equipos,1,Otros
Cuánto tiempo llevan fabricando equipos,1,Produccion/Capacidad
Cuántos operarios se requieren para operar la CM05S,1,Produccion/Capacidad
Cuáles son las dimensiones de la empanada,1,Especificaciones/Dimensiones
Manejan máquinas para moler masa,1,Otros
Hay máquinas de empanadas que se puedan manejar con una sola persona,1,Modelos/Recomendacion
Cómo hacer 200 o 300 empanadas,1,Otros
Qué información necesitas sobre la máquina,1,Otros
Una máquina puede producir maíz y trigo,1,Produccion/Capacidad
El disco se gira manualmente,1,Otros
Elaboran máquinas,1,Produccion/Capacidad
La máquina funciona con cualquier tipo de masa,1,Otros
Cómo se pueden ver los productos,1,Otros
Qué hacer si la máquina de empanadas falla,1,Postventa/Garantia
La máquina de empanadas tiene rodachines para moverla fácilmente,1,Otros
Tienes información sobre máquinas que empaquen maní,1,FichaTecnica/Info
Tienen una página web,1,Otros
Puedo visitar la fábrica para conocer las máquinas,1,Ubicacion/Contacto
Tienen un accesorio nuevo para la máquina,1,Accesorios/Compatibilidad
La máquina está a la venta,1,Compra/Pago/Oferta
Cuál es el mínimo requerido para la máquina,1,Especificaciones/Dimensiones
Cuál es la diferencia entre esta máquina y la otra,1,Modelos/Recomendacion
La máquina de empanadas hace mucho ruido,1,Otros
Qué productos o máquinas ofrecen,1,Otros
Se pueden fabricar pasteles de pollo con esta máquina,1,Produccion/Capacidad
Han enviado ya a Panamá,1,Envio/Tiempos
"Qué tipo de máquina de empanadas debo elegir, automática o semiautomática",1,Modelos/Recomendacion
Es necesario tener la masa de harina laminada o solo se puede usar una bola de masa,1,Otros
Por qué son tan caras las máquinas de empanadas,1,Precio/Cotizacion
El compresor es especial o cualquier compresor sirve,1,Otros
Cuál es la máquina más pequeña que tienen,1,Otros
Tienen distribución a otras ciudades,1,Ubicacion/Contacto
Cuál es la máquina de empanadas más comprada,1,Modelos/Recomendacion
Cuál es la máquina base,1,Otros
Cómo es la máquina de empanadas,1,FichaTecnica/Info
La máquina de empanadas también sirve para hacer pastel de yuca,1,Otros
Qué es la máquina CM06B,1,FichaTecnica/Info
Cómo puedo comunicarme con un asesor,1,Ubicacion/Contacto
Se puede hacer un pedido para hoy,1,Envio/Tiempos
Hay una máquina que sirva para todos los tipos de empanadas,1,Modelos/Recomendacion
Cuál es el tiempo de cocción de las empanadas,1,Otros
Venden amasadoras,1,Otros
Qué novedades tiene la máquina de empanadas,1,Otros
Incluye pre fritura,1,Otros
Qué incluye la compra de la máquina de empanadas,1,Compra/Pago/Oferta
